<?xml version="1.0" encoding="UTF-8"?>
<!DOCTYPE log4j:configuration PUBLIC "-//APACHE//DTD LOG4J 1.2//EN" "log4j.dtd">
<log4j:configuration xmlns:log4j="http://jakarta.apache.org/log4j/">

	<!-- Appenders -->
	<appender name="console" class="org.apache.log4j.ConsoleAppender">
		<param name="Target" value="System.out" />
		<layout class="org.apache.log4j.PatternLayout">
			<param name="ConversionPattern" value="%d{yyyy-MM-dd HH:mm:ss} %-5p (%F:%L) %m%n" />
		</layout>
	</appender>
	    <!--  날짜별 로그 -->  
    <appender name="dailyout" class="org.apache.log4j.DailyRollingFileAppender">  
        <!-- 이것은 날짜별로  로그를 남김. 파일명.확장자.DatePattern으로 정의 함-->  
        <param name="file" value="c:/log/dailyout.log"/>  
        <param name="Append" value="true"/>  
        <param name="DatePattern" value="'.'yyMMdd"/>  
        <layout class="org.apache.log4j.PatternLayout">  
            <param name="ConversionPattern" value="%d{yyyy-MM-dd HH:mm:ss} %-5p (%F:%L) %m%n"/>  
        </layout>  
    </appender>  
	
	
	<!-- Application Loggers -->
	<logger name="com.office.library">
		<level value="info" />
	</logger>
	
	<!-- 3rdparty Loggers -->
	<logger name="org.springframework.core">
		<level value="info" />
	</logger>
	
	<logger name="org.springframework.beans">
		<level value="info" />
	</logger>
	
	<logger name="org.springframework.context">
		<level value="info" />
	</logger>

	<logger name="org.springframework.web">
		<level value="info" />
	</logger>

	<!-- Root Logger -->
	<root>
		<appender-ref ref="console" level="info"/>
    	<appender-ref ref="dailyout" level="error"/>
	</root>
	
</log4j:configuration>
