<?xml version="1.0" encoding="UTF-8"?>
<beans xmlns="http://www.springframework.org/schema/beans"
	xmlns:xsi="http://www.w3.org/2001/XMLSchema-instance"
	xsi:schemaLocation="http://www.springframework.org/schema/beans https://www.springframework.org/schema/beans/spring-beans.xsd">
	
	<bean id='dataSource' 
	class="org.apache.commons.dbcp2.BasicDataSource">
		<property name="driverClassName" 
		value="com.mysql.cj.jdbc.Driver"/>
		<property name="url" 
		value="jdbc:mysql://localhost:3306/db_library?serverTimezone=UTC"/>
		<property name="username" value="root"/>
	 	<property name="password" value="1234"/>
	</bean>
	<bean id='sqlSessionFactory' class="org.mybatis.spring.SqlSessionFactoryBean">
		<property name="dataSource" ref = 'dataSource'/>
		<property name="mapperLocations" 
		value="classpath:/sqlmap/**/*_sql.xml"/>
		<!-- 마이바티스 별칭설정(vo관련) -->
		<property name="configLocation" value="classpath:/config/mybatis-config.xml"></property>
	</bean>	
	<bean id = 'sqlSessionTemplate' class="org.mybatis.spring.SqlSessionTemplate">
		<constructor-arg ref='sqlSessionFactory'/>
	</bean>
</beans>