<?xml version="1.0" encoding="UTF-8" ?>
<!DOCTYPE mapper
  PUBLIC "-//mybatis.org//DTD Mapper 3.0//EN"
  "https://mybatis.org/dtd/mybatis-3-mapper.dtd">
<mapper namespace="admin">
	<insert id='admininsert' parameterType="com.office.library.admin.member.AdminMemberVo" 
	useGeneratedKeys="true" keyProperty="a_m_no">
		insert into tbl_admin_member(
			a_m_id,
			a_m_pw,
			a_m_name,
			a_m_gender,
			a_m_part,
			a_m_position,
			a_m_mail,
			a_m_phone,
			a_m_reg_date, 
			a_m_mod_date)
	 values(#{a_m_id},
	 	#{a_m_pw},#{a_m_name},#{a_m_gender},#{a_m_part},
	 	#{a_m_position},#{a_m_mail},#{a_m_phone},now(),now())
	</insert>
	<select id="selectcount" parameterType="String" resultType="int">
		select count(*) from tbl_admin_member where a_m_id = #{a_m_id}
	</select>
	<select id="adminselect" parameterType="com.office.library.admin.member.AdminMemberVo"
	resultType="com.office.library.admin.member.AdminMemberVo" >
		select * from tbl_admin_member where a_m_id = #{a_m_id} and a_m_approval > 0
	</select>
	
	<!-- <select id="adminselectall" resultType="com.office.library.admin.member.AdminMemberVo"> -->
	<select id="adminselectall" resultType="map">
		select * from tbl_admin_member;
	</select>
	
	<update id="adminupdate" parameterType="int">
		update 	tbl_admin_member set a_m_approval = 1 where a_m_no = #{a_m_no}
	</update>
	
	<update id="adminaccountupdate" parameterType="map">
		update 	tbl_admin_member 
			set 				
				a_m_name = #{a_m_name}
				, a_m_gender = #{a_m_gender} 
				, a_m_part = #{a_m_part}
				, a_m_position = #{a_m_position}
				, a_m_mail = #{a_m_mail}
				, a_m_phone = #{a_m_phone}
				, a_m_mod_date = now()				 
			where a_m_no = #{a_m_no}			
	</update>
	
	<select id="findpswselect" parameterType="map" resultType="com.office.library.admin.member.AdminMemberVo">
	select * 
		from tbl_admin_member 
	where 
		a_m_id = #{a_m_id} 
		and a_m_name = #{a_m_name} 
		and a_m_mail = #{a_m_mail}
	</select>
	
	<update id="updatepassword" parameterType="map">
		update tbl_admin_member
		set
			a_m_pw = #{newPassword}
		where
			a_m_id = #{a_m_id}
	</update>
	
</mapper>
  