<?xml version="1.0" encoding="UTF-8"?>
<beans xmlns="http://www.springframework.org/schema/beans"
	xmlns:xsi="http://www.w3.org/2001/XMLSchema-instance"
	xmlns:tx="http://www.springframework.org/schema/tx"
	xmlns:aop="http://www.springframework.org/schema/aop"
	xsi:schemaLocation="http://www.springframework.org/schema/beans https://www.springframework.org/schema/beans/spring-beans.xsd
		http://www.springframework.org/schema/aop http://www.springframework.org/schema/aop/spring-aop-4.3.xsd
		http://www.springframework.org/schema/tx http://www.springframework.org/schema/tx/spring-tx-4.3.xsd">
	
	<tx:annotation-driven transaction-manager="transactionManager" />
		
	<bean id = "dataSource"
	 	class = "org.springframework.jdbc.datasource.DriverManagerDataSource">
	 	<property name="driverClassName" value="com.mysql.cj.jdbc.Driver"> </property>
	 	<property name="url" value="jdbc:mysql://localhost:3306/db_library?serverTimezone=UTC"> </property>
	 	<property name="username" value="root"> </property>
	 	<property name="password" value="1234"> </property>
	 </bean>
	 <bean id = "jdbcTemplate" class="org.springframework.jdbc.core.JdbcTemplate">
	 	<property name="dataSource" ref="dataSource"></property>
	 </bean>
	 
	 <!-- 트랜잭션 설정 -->
	 <bean id='transactionManager'
	 	class="org.springframework.jdbc.datasource.DataSourceTransactionManager" >
	 	<property name="dataSource" ref="dataSource"></property>
	 </bean>
	
</beans>