<?xml version="1.0" encoding="UTF-8" ?>
<!DOCTYPE mapper
  PUBLIC "-//mybatis.org//DTD Mapper 3.0//EN"
  "https://mybatis.org/dtd/mybatis-3-mapper.dtd">
<mapper namespace="userbook">
		
	<select id="searchbook" parameterType="String" resultType="map">
		select * from tbl_book where b_name like  CONCAT('%',#{b_name},'%')
	</select>
	
	<select id="selectDetail" parameterType="int" resultType="BookVo">
		select * from tbl_book where b_no = #{b_no}
	</select>
	
	<!-- <select id="detail" parameterType="int" resultType="AdminBookVo">
		select * from tbl_book where b_no = #{b_no}
	</select>
	
	<delete id="delete" parameterType="int">
		delete from tbl_book where b_no = #{b_no}
	</delete>
	
	<update id="modify" parameterType="AdminBookVo">
		update tbl_book
			set   
            b_name = #{b_name}
            , b_author = #{b_author} 
            , b_publisher = #{b_publisher}
            , b_publish_year = #{b_publish_year}
            , b_isbn = #{b_isbn}
            , b_call_number = #{b_call_number}
            , b_rantal_able = #{b_rantal_able}
            , b_thumbnail = #{b_thumbnail}
            , b_mod_date = now()       
         where b_no = #{b_no}
	</update> -->
</mapper>
  