<?xml version="1.0" encoding="UTF-8"?>
<beans:beans xmlns="http://www.springframework.org/schema/mvc"
	xmlns:xsi="http://www.w3.org/2001/XMLSchema-instance"
	xmlns:beans="http://www.springframework.org/schema/beans"
	xmlns:context="http://www.springframework.org/schema/context"
	xsi:schemaLocation="http://www.springframework.org/schema/mvc https://www.springframework.org/schema/mvc/spring-mvc.xsd
		http://www.springframework.org/schema/beans https://www.springframework.org/schema/beans/spring-beans.xsd
		http://www.springframework.org/schema/context https://www.springframework.org/schema/context/spring-context.xsd">

	<!-- DispatcherServlet Context: defines this servlet's request-processing infrastructure -->
	
	<!-- Enables the Spring MVC @Controller programming model -->
	<annotation-driven />

	<!-- Handles HTTP GET requests for /resources/** by efficiently serving up static resources in the ${webappRoot}/resources directory -->
	<resources mapping="/resources/**" location="/resources/" />
	<!-- 외부경로 매핑 -->
	<resources mapping="/libraryUploadImg/**" location="file:///c:/library/upload/" />

	<!-- Resolves views selected for rendering by @Controllers to .jsp resources in the /WEB-INF/views directory -->
	<beans:bean class="org.springframework.web.servlet.view.InternalResourceViewResolver">
		<beans:property name="prefix" value="/WEB-INF/views/" />
		<beans:property name="suffix" value=".jsp" />
	</beans:bean>	
	
	<interceptors>
	<!-- user interceptor -->
		<interceptor>
			<mapping path="/book/user/rentalBookConfirm"/>
			<mapping path="/book/member/modifyAccountForm"/>
			<mapping path="/book/user/modifyAccountConfirm"/>
			<mapping path="/book/user/enterBookshelf"/>
			<mapping path="/book/user/requestHopeBookForm"/>
			
			<beans:bean class="com.office.library.user.member.UserMemberLoginInterceptor">			
			</beans:bean>
		</interceptor>
	<!-- admin interceptor -->
		<interceptor>
			<mapping path="/admin/book/returnBookConfirm"/>	
			<mapping path="/admin/book/registerHopeBookForm"/>
								
			<beans:bean class="com.office.library.admin.member.AdminMemberLoginInterceptor">			
			</beans:bean>
		</interceptor>
	</interceptors>
	
	
	<context:component-scan base-package="com.office.library" />
	
	
	
</beans:beans>
