<?xml version="1.0" encoding="UTF-8"?>
<beans xmlns="http://www.springframework.org/schema/beans"
	xmlns:xsi="http://www.w3.org/2001/XMLSchema-instance"
	xsi:schemaLocation="http://www.springframework.org/schema/beans https://www.springframework.org/schema/beans/spring-beans.xsd">
	
	<bean id = "dataSource"
	 	class = "org.springframework.jdbc.datasource.DriverManagerDataSource">
	 	<property name="driverClassName" value="com.mysql.cj.jdbc.Driver"> </property>
	 	<property name="url" value="jdbc:mysql://localhost:3306/bbs?serverTimezone=UTC"> </property>
	 	<property name="username" value="root"> </property>
	 	<property name="password" value="1234"> </property>
	 </bean>	
	 <bean id = "jdbcTemplate" class="org.springframework.jdbc.core.JdbcTemplate">
	 	<property name="dataSource" ref="dataSource"></property>
	 </bean>
	 <bean id='transactionManager'
	 	class="org.springframework.jdbc.datasource.DataSourceTransactionManager" >
	 	<property name="dataSource" ref="dataSource"></property>
	 </bean>
		
</beans>