<?xml version="1.0" encoding="UTF-8" ?>
<!DOCTYPE mapper
  PUBLIC "-//mybatis.org//DTD Mapper 3.0//EN"
  "https://mybatis.org/dtd/mybatis-3-mapper.dtd">
<mapper namespace="user">
	<insert id='insert' parameterType="UserMemberVo" 
	useGeneratedKeys="true" keyProperty="u_m_no">
		insert into tbl_user_member(
			u_m_id,
			u_m_pw,
			u_m_name,
			u_m_gender,
			u_m_mail,
			u_m_phone,
			u_m_reg_date, 
			u_m_mod_date)
	 values(#{u_m_id},
	 	#{u_m_pw},#{u_m_name},#{u_m_gender},
	 	#{u_m_mail},#{u_m_phone},now(),now())
	</insert>
	
	
	<select id="selectOne" parameterType="String" resultType="UserMemberVo">
		select * from tbl_user_member where u_m_id = #{u_m_id}
	</select>
	<update id="update" parameterType="map">
		update 	tbl_user_member 
			set 				
				u_m_name = #{u_m_name}
				, u_m_gender = #{u_m_gender}
				, u_m_mail = #{u_m_mail}
				, u_m_phone = #{u_m_phone}
				, u_m_mod_date = now()				 
			where u_m_no = #{u_m_no}			
	</update>
	
	
	<select id="findPswSelect" parameterType="UserMemberVo" resultType="UserMemberVo">
		select * 
			from tbl_user_member 
		 where u_m_id = #{u_m_id}
		 	and u_m_name = #{u_m_name}
		 	and u_m_mail = #{u_m_mail}
	</select>
	
	
	<update id="updatePsw" parameterType="UserMemberVo">
		update 	tbl_user_member 
			set u_m_pw = #{u_m_pw}  
		 where u_m_id = #{u_m_id}
	</update>
	
	<!-- 
	<select id="adminselect" parameterType="com.office.library.admin.member.AdminMemberVo"
	resultType="com.office.library.admin.member.AdminMemberVo" >
		select * from tbl_admin_member where a_m_id = #{a_m_id} and a_m_approval > 0
	</select>
	
	<select id="adminselectall" resultType="com.office.library.admin.member.AdminMemberVo">
	<select id="adminselectall" resultType="map">
		select * from tbl_admin_member;
	</select>
	
	<update id="adminupdate" parameterType="int">
		update 	tbl_admin_member set a_m_approval = 1 where a_m_no = #{a_m_no}
	</update>
	
	<update id="adminaccountupdate" parameterType="map">
		update 	tbl_admin_member 
			set 				
				a_m_name = #{a_m_name}
				, a_m_gender = #{a_m_gender} 
				, a_m_part = #{a_m_part}
				, a_m_position = #{a_m_position}
				, a_m_mail = #{a_m_mail}
				, a_m_phone = #{a_m_phone}
				, a_m_mod_date = now()				 
			where a_m_no = #{a_m_no}			
	</update>
	
	<select id="findpswselect" parameterType="map" resultType="com.office.library.admin.member.AdminMemberVo">
	select * 
		from tbl_admin_member 
	where 
		a_m_id = #{a_m_id} 
		and a_m_name = #{a_m_name} 
		and a_m_mail = #{a_m_mail}
	</select>
	
	<update id="updatepassword" parameterType="map">
		update tbl_admin_member
		set
			a_m_pw = #{newPassword}
		where
			a_m_id = #{a_m_id}
	</update> -->
	
</mapper>
  