<?xml version="1.0" encoding="UTF-8" ?>
<!DOCTYPE mapper
  PUBLIC "-//mybatis.org//DTD Mapper 3.0//EN"
  "https://mybatis.org/dtd/mybatis-3-mapper.dtd">
<mapper namespace="userbook">
		
	<select id="searchbook" parameterType="String" resultType="map">
		select * from tbl_book where b_name like  CONCAT('%',#{b_name},'%')
	</select>
	
	<select id="selectDetail" parameterType="int" resultType="BookVo">
		select * from tbl_book where b_no = #{b_no}
	</select>
	<!-- 랜탈하기 -->
	<update id="updateRental" parameterType="int">
		update tbl_book
			set b_rantal_able = 0
		  where b_no = #{b_no}	
	</update>
	
	<!-- 희망도서 입고 신청 -->
	<insert id="insertHope" parameterType="map">
		insert into tbl_hope_book(
			u_m_no,		  		
			hb_name,		  		
			hb_author,	   		
			hb_publisher,	   
			hb_publish_year,	   
			hb_reg_date,	    	
			hb_mod_date,
			hb_result_last_date			
		)
		values(
			#{u_m_no},		  		
			#{hb_name},		  		
			#{hb_author},	   		
			#{hb_publisher},	   
			#{hb_publish_year},	   
			now(),	    	
			now(),
			now()				
		)
	</insert>
</mapper>
  